<?xml version="1.0" encoding="UTF-8"?>
<project-private xmlns="http://www.netbeans.org/ns/project-private/1">
    <editor-bookmarks xmlns="http://www.netbeans.org/ns/editor-bookmarks/2" lastBookmarkId="0"/>
    <open-files xmlns="http://www.netbeans.org/ns/projectui-open-files/2">
        <group>
            <file>file:/C:/Users/Goru/Documents/CETI/5%20Semestre%202.1/Moviles/Diagnostico/src/Diagnostico/Viaje.java</file>
            <file>file:/C:/Users/Goru/Documents/CETI/5%20Semestre%202.1/Moviles/Diagnostico/src/Diagnostico/VentanaViajes.java</file>
            <file>file:/C:/Users/Goru/Documents/CETI/5%20Semestre%202.1/Moviles/Diagnostico/src/Diagnostico/GestorViajes.java</file>
        </group>
    </open-files>
</project-private>
